sequence,group,nfeatures,resize_scale,frame_step,pairs,avg_keypoints_a,avg_keypoints_b,avg_occupied_grid_ratio_a,avg_occupied_grid_ratio_b,avg_grid_entropy_a,avg_grid_entropy_b,avg_brightness_mean,avg_contrast_mean,avg_sharpness_laplacian_var_mean,avg_gradient_mean,avg_matches,avg_good_matches,avg_good_match_ratio,avg_avg_match_distance,avg_fundamental_inliers,avg_fundamental_inlier_ratio,avg_homography_inliers,avg_homography_inlier_ratio,avg_compact_packet_bytes_per_frame,avg_jpeg_bytes_per_frame,avg_compact_packet_vs_jpeg_ratio
structured/IMG_5978,structured,1000,0.5,1,120,952.375,952.442,0.947,0.944,0.854,0.853,175.967,40.365,380.879,36.512,643.942,641.767,0.996,21.045,484.792,0.753,599.542,0.93,39048.742,507545.129,0.08
structured/IMG_5978,structured,1000,0.5,3,118,951.568,951.712,0.95,0.943,0.856,0.853,176.029,40.351,380.498,36.444,541.966,537.458,0.99,24.631,370.907,0.679,458.254,0.838,39017.233,507651.326,0.08
structured/IMG_5978,structured,1000,0.5,5,116,950.733,951.181,0.953,0.943,0.857,0.854,176.063,40.343,380.196,36.385,469.759,462.44,0.98,27.729,299.491,0.623,357.698,0.747,38989.233,507677.017,0.08
structured/IMG_5978,structured,1000,0.5,10,111,948.514,949.468,0.955,0.942,0.858,0.853,176.105,40.369,375.36,36.211,353.964,339.459,0.941,35.4,178.595,0.445,199.793,0.501,38908.631,506734.252,0.079
structured/IMG_5978,structured,1000,1.0,1,120,995.0,995.0,0.955,0.955,0.829,0.828,175.84,40.593,135.673,29.879,661.65,658.467,0.995,22.446,479.583,0.717,589.525,0.882,40795.0,507545.129,0.083
structured/IMG_5978,structured,1000,1.0,3,118,994.915,994.915,0.956,0.956,0.829,0.829,175.902,40.578,135.692,29.85,543.195,537.237,0.987,26.943,345.458,0.615,416.034,0.738,40791.525,507651.326,0.083
structured/IMG_5978,structured,1000,1.0,5,116,994.828,994.828,0.956,0.956,0.829,0.83,175.936,40.57,135.589,29.822,471.379,462.681,0.977,29.989,275.741,0.553,315.664,0.633,40787.931,507677.017,0.083
structured/IMG_5978,structured,1000,1.0,10,111,994.595,994.595,0.957,0.957,0.83,0.828,175.977,40.592,133.307,29.671,356.351,341.73,0.947,36.968,162.414,0.396,175.883,0.434,40778.378,506734.252,0.083
structured/IMG_5979,structured,1000,0.5,1,120,1000.0,1000.0,0.743,0.743,0.704,0.703,162.347,55.99,4571.081,90.832,737.933,734.942,0.996,20.291,564.075,0.764,705.917,0.957,41000.0,977343.867,0.042
structured/IMG_5979,structured,1000,0.5,3,118,1000.0,1000.0,0.745,0.747,0.706,0.704,162.411,55.958,4572.267,90.781,665.619,659.958,0.991,22.62,484.534,0.727,619.542,0.93,41000.0,976836.428,0.042
structured/IMG_5979,structured,1000,0.5,5,116,1000.0,1000.0,0.748,0.75,0.707,0.705,162.476,55.923,4567.973,90.702,609.534,601.112,0.985,24.564,424.0,0.693,546.897,0.892,41000.0,975807.918,0.042
structured/IMG_5979,structured,1000,0.5,10,111,1000.0,1000.0,0.749,0.757,0.711,0.708,162.624,55.846,4556.935,90.543,503.676,486.505,0.959,29.723,319.874,0.619,404.342,0.776,41000.0,973472.122,0.042
structured/IMG_5979,structured,1000,1.0,1,120,1000.0,1000.0,0.799,0.802,0.734,0.734,162.226,57.94,2421.181,109.023,707.45,699.708,0.989,21.97,534.975,0.756,667.967,0.944,41000.0,977343.867,0.042
structured/IMG_5979,structured,1000,1.0,3,118,1000.0,1000.0,0.801,0.805,0.736,0.736,162.29,57.911,2424.075,108.988,631.627,619.017,0.979,25.021,438.653,0.692,553.178,0.872,41000.0,976836.428,0.042
structured/IMG_5979,structured,1000,1.0,5,116,1000.0,1000.0,0.802,0.808,0.737,0.739,162.355,57.876,2421.748,108.882,575.043,558.121,0.968,27.372,376.397,0.649,468.267,0.805,41000.0,975807.918,0.042
structured/IMG_5979,structured,1000,1.0,10,111,1000.0,1000.0,0.801,0.818,0.74,0.745,162.503,57.798,2416.024,108.633,472.901,444.495,0.93,32.699,274.234,0.562,326.865,0.663,41000.0,973472.122,0.042
structured/IMG_5980,structured,1000,0.5,1,91,998.692,998.692,0.852,0.85,0.772,0.772,175.69,43.708,4128.668,95.416,633.736,611.231,0.964,25.799,462.824,0.73,576.363,0.909,40946.385,671377.352,0.062
structured/IMG_5980,structured,1000,0.5,3,89,998.663,998.663,0.856,0.852,0.775,0.773,175.706,43.715,4121.835,95.361,552.933,521.91,0.941,28.664,374.708,0.674,475.494,0.855,40945.18,669620.202,0.062
structured/IMG_5980,structured,1000,0.5,5,87,998.632,998.632,0.858,0.855,0.777,0.776,175.715,43.727,4110.011,95.279,491.782,452.92,0.914,31.425,313.103,0.628,396.943,0.794,40943.92,667352.155,0.062
structured/IMG_5980,structured,1000,0.5,10,82,998.549,998.549,0.867,0.861,0.785,0.78,175.7,43.783,4084.506,95.124,386.89,333.146,0.843,37.659,199.11,0.491,248.159,0.613,40940.5,661949.994,0.062
structured/IMG_5980,structured,1000,1.0,1,91,1000.0,1000.0,0.889,0.889,0.768,0.767,175.563,45.979,1427.995,94.336,630.187,607.11,0.963,26.679,454.33,0.72,551.242,0.874,41000.0,671377.352,0.062
structured/IMG_5980,structured,1000,1.0,3,89,1000.0,1000.0,0.892,0.893,0.771,0.77,175.579,45.984,1422.929,94.217,557.011,522.764,0.936,29.93,368.742,0.659,449.843,0.804,41000.0,669620.202,0.062
structured/IMG_5980,structured,1000,1.0,5,87,1000.0,1000.0,0.895,0.897,0.774,0.773,175.588,45.99,1413.605,94.046,493.437,449.977,0.905,32.763,296.0,0.593,365.0,0.73,41000.0,667352.155,0.062
structured/IMG_5980,structured,1000,1.0,10,82,1000.0,1000.0,0.902,0.901,0.783,0.78,175.573,46.033,1393.647,93.689,388.793,330.256,0.832,38.32,185.793,0.457,224.134,0.551,41000.0,661949.994,0.062
structured/IMG_5982,structured,1000,0.5,1,109,983.853,983.844,0.758,0.759,0.725,0.725,151.071,60.285,729.938,36.892,642.624,637.202,0.991,22.876,450.541,0.7,568.018,0.882,40337.794,463914.748,0.093
structured/IMG_5982,structured,1000,0.5,3,107,983.579,983.542,0.755,0.758,0.723,0.723,151.002,60.229,725.44,36.76,554.308,544.383,0.981,26.575,351.271,0.631,404.159,0.725,40325.991,462810.051,0.093
structured/IMG_5982,structured,1000,0.5,5,105,983.267,983.229,0.753,0.758,0.721,0.722,150.909,60.167,720.469,36.631,492.552,477.533,0.967,29.405,287.438,0.578,322.133,0.648,40313.152,461638.729,0.093
structured/IMG_5982,structured,1000,0.5,10,100,982.43,982.39,0.749,0.76,0.717,0.724,150.6,59.978,712.152,36.407,385.36,357.24,0.919,36.181,180.84,0.456,196.77,0.496,40278.81,459606.815,0.093
structured/IMG_5982,structured,1000,1.0,1,109,1000.0,1000.0,0.767,0.768,0.708,0.708,150.956,60.639,319.955,33.34,656.697,650.394,0.99,24.122,455.064,0.691,527.312,0.798,41000.0,463914.748,0.094
structured/IMG_5982,structured,1000,1.0,3,107,1000.0,1000.0,0.764,0.767,0.706,0.706,150.887,60.58,317.723,33.194,564.71,552.776,0.978,27.743,342.495,0.603,364.869,0.644,41000.0,462810.051,0.094
structured/IMG_5982,structured,1000,1.0,5,105,1000.0,1000.0,0.762,0.766,0.704,0.704,150.795,60.517,315.164,33.043,495.695,479.838,0.967,30.509,276.705,0.554,286.305,0.575,41000.0,461638.729,0.095
structured/IMG_5982,structured,1000,1.0,10,100,1000.0,1000.0,0.758,0.769,0.699,0.705,150.485,60.325,310.381,32.783,398.98,370.59,0.924,36.653,177.77,0.433,178.64,0.438,41000.0,459606.815,0.095
structured/IMG_5983,structured,1000,0.5,1,159,999.918,999.918,0.886,0.885,0.792,0.792,152.953,69.734,717.721,50.342,667.591,661.981,0.991,20.891,475.101,0.708,589.893,0.878,40996.648,429227.509,0.1
structured/IMG_5983,structured,1000,0.5,3,157,999.917,999.917,0.887,0.886,0.792,0.792,152.972,69.641,716.542,50.327,555.605,546.083,0.981,25.386,355.338,0.627,437.21,0.767,40996.605,428791.968,0.1
structured/IMG_5983,structured,1000,0.5,5,155,999.916,999.916,0.887,0.887,0.793,0.792,152.972,69.555,715.023,50.305,481.226,467.516,0.966,29.201,282.419,0.561,342.052,0.677,40996.561,428291.094,0.1
structured/IMG_5983,structured,1000,0.5,10,150,999.913,999.913,0.889,0.888,0.793,0.792,152.888,69.385,713.067,50.286,366.527,342.7,0.92,38.038,166.06,0.396,190.967,0.456,40996.447,427528.12,0.1
structured/IMG_5983,structured,1000,1.0,1,159,1000.0,1000.0,0.857,0.857,0.777,0.778,152.835,70.03,227.263,34.665,643.333,638.925,0.992,22.165,441.013,0.677,536.459,0.821,41000.0,429227.509,0.1
structured/IMG_5983,structured,1000,1.0,3,157,1000.0,1000.0,0.857,0.857,0.778,0.777,152.854,69.937,226.818,34.637,519.822,511.981,0.982,27.154,303.949,0.566,356.248,0.655,41000.0,428791.968,0.1
structured/IMG_5983,structured,1000,1.0,5,155,1000.0,1000.0,0.858,0.857,0.778,0.777,152.854,69.851,226.19,34.601,448.019,436.942,0.97,30.758,231.361,0.486,262.548,0.546,41000.0,428291.094,0.1
structured/IMG_5983,structured,1000,1.0,10,150,1000.0,1000.0,0.858,0.856,0.778,0.777,152.77,69.681,224.695,34.556,342.947,324.76,0.936,38.375,130.32,0.33,137.073,0.344,41000.0,427528.12,0.1
unstructured_like/IMG_5975,unstructured_like,1000,0.5,1,111,1000.0,1000.0,1.0,1.0,0.879,0.879,129.297,49.899,7367.925,162.311,619.405,584.955,0.944,32.716,438.072,0.707,536.108,0.865,41000.0,1239909.815,0.033
unstructured_like/IMG_5975,unstructured_like,1000,0.5,3,109,1000.0,1000.0,1.0,1.0,0.88,0.88,129.251,49.909,7386.055,162.425,501.917,438.211,0.873,42.066,280.321,0.557,316.917,0.628,41000.0,1240630.372,0.033
unstructured_like/IMG_5975,unstructured_like,1000,0.5,5,107,1000.0,1000.0,1.0,1.0,0.88,0.88,129.218,49.907,7391.629,162.474,450.542,367.673,0.815,46.597,210.336,0.464,230.654,0.508,41000.0,1240833.93,0.033
unstructured_like/IMG_5975,unstructured_like,1000,0.5,10,102,1000.0,1000.0,1.0,1.0,0.879,0.881,129.17,49.898,7394.682,162.503,395.931,283.569,0.714,52.551,125.333,0.313,136.686,0.342,41000.0,1240924.324,0.033
unstructured_like/IMG_5975,unstructured_like,1000,1.0,1,111,1000.0,1000.0,0.998,0.998,0.881,0.881,129.172,52.927,2752.876,161.355,581.126,543.667,0.935,33.289,388.982,0.668,465.207,0.798,41000.0,1239909.815,0.033
unstructured_like/IMG_5975,unstructured_like,1000,1.0,3,109,1000.0,1000.0,0.998,0.998,0.88,0.881,129.126,52.944,2762.688,161.546,463.486,396.679,0.855,43.503,242.138,0.519,268.706,0.575,41000.0,1240630.372,0.033
unstructured_like/IMG_5975,unstructured_like,1000,1.0,5,107,1000.0,1000.0,0.998,0.998,0.88,0.881,129.093,52.944,2764.359,161.609,421.271,336.047,0.797,47.875,181.832,0.429,197.206,0.465,41000.0,1240833.93,0.033
unstructured_like/IMG_5975,unstructured_like,1000,1.0,10,102,1000.0,1000.0,0.998,0.998,0.88,0.883,129.045,52.936,2765.046,161.631,383.559,271.412,0.707,53.306,101.863,0.262,112.5,0.289,41000.0,1240924.324,0.033
unstructured_like/IMG_5976,unstructured_like,1000,0.5,1,107,1000.0,1000.0,0.969,0.968,0.867,0.866,134.247,47.844,5629.845,149.517,606.299,582.327,0.96,31.081,414.234,0.68,528.168,0.868,41000.0,1167763.379,0.035
unstructured_like/IMG_5976,unstructured_like,1000,0.5,3,105,1000.0,1000.0,0.971,0.967,0.869,0.866,134.268,47.778,5635.083,149.645,491.533,444.762,0.901,39.653,269.467,0.536,337.01,0.67,41000.0,1167956.081,0.035
unstructured_like/IMG_5976,unstructured_like,1000,0.5,5,103,1000.0,1000.0,0.974,0.967,0.872,0.864,134.311,47.707,5631.676,149.721,435.408,373.049,0.85,44.558,198.262,0.436,242.078,0.533,41000.0,1167886.684,0.035
unstructured_like/IMG_5976,unstructured_like,1000,0.5,10,98,1000.0,1000.0,0.98,0.965,0.878,0.861,134.503,47.543,5619.89,149.833,373.306,283.163,0.747,52.174,112.143,0.273,134.653,0.331,41000.0,1167380.158,0.035
unstructured_like/IMG_5976,unstructured_like,1000,1.0,1,107,1000.0,1000.0,0.978,0.977,0.851,0.85,134.121,50.31,2008.628,146.06,551.617,510.112,0.922,35.031,350.411,0.628,434.393,0.777,41000.0,1167763.379,0.035
unstructured_like/IMG_5976,unstructured_like,1000,1.0,3,105,1000.0,1000.0,0.977,0.977,0.854,0.851,134.143,50.251,2012.31,146.181,449.762,375.333,0.824,44.358,212.914,0.453,246.838,0.524,41000.0,1167956.081,0.035
unstructured_like/IMG_5976,unstructured_like,1000,1.0,5,103,1000.0,1000.0,0.98,0.976,0.857,0.85,134.185,50.181,2010.338,146.199,411.175,319.233,0.762,48.943,158.262,0.359,182.301,0.413,41000.0,1167886.684,0.035
unstructured_like/IMG_5976,unstructured_like,1000,1.0,10,98,1000.0,1000.0,0.983,0.975,0.865,0.849,134.378,50.022,2006.337,146.21,373.398,254.765,0.665,55.089,94.735,0.225,111.939,0.266,41000.0,1167380.158,0.035
unstructured_like/IMG_5981,unstructured_like,1000,0.5,1,143,1000.0,1000.0,0.985,0.985,0.862,0.862,142.796,47.271,2694.296,135.082,648.49,616.846,0.951,30.631,468.839,0.722,585.203,0.902,41000.0,865024.357,0.048
unstructured_like/IMG_5981,unstructured_like,1000,0.5,3,141,1000.0,1000.0,0.984,0.987,0.86,0.863,142.841,47.247,2690.704,134.967,545.972,486.624,0.89,38.186,338.504,0.616,422.986,0.77,41000.0,864600.691,0.048
unstructured_like/IMG_5981,unstructured_like,1000,0.5,5,139,1000.0,1000.0,0.984,0.987,0.859,0.864,142.875,47.23,2696.873,134.92,484.59,404.18,0.831,43.596,259.676,0.53,319.288,0.65,41000.0,864600.939,0.048
unstructured_like/IMG_5981,unstructured_like,1000,0.5,10,134,1000.0,1000.0,0.984,0.988,0.856,0.865,142.991,47.157,2687.745,134.602,408.119,277.746,0.677,53.017,143.06,0.344,174.761,0.42,41000.0,863348.03,0.048
unstructured_like/IMG_5981,unstructured_like,1000,1.0,1,143,1000.0,1000.0,0.914,0.916,0.752,0.753,142.669,48.443,662.42,98.615,615.154,588.385,0.956,29.979,434.727,0.703,540.063,0.874,41000.0,865024.357,0.048
unstructured_like/IMG_5981,unstructured_like,1000,1.0,3,141,1000.0,1000.0,0.913,0.918,0.75,0.753,142.714,48.419,661.965,98.521,501.929,449.369,0.892,38.626,291.454,0.57,363.745,0.711,41000.0,864600.691,0.048
unstructured_like/IMG_5981,unstructured_like,1000,1.0,5,139,1000.0,1000.0,0.912,0.918,0.747,0.753,142.748,48.403,664.034,98.537,443.626,368.727,0.826,44.892,205.604,0.451,262.18,0.574,41000.0,864600.939,0.048
unstructured_like/IMG_5981,unstructured_like,1000,1.0,10,134,1000.0,1000.0,0.909,0.923,0.741,0.755,142.864,48.329,661.779,98.306,375.597,262.59,0.696,54.213,95.299,0.246,123.813,0.319,41000.0,863348.03,0.048
