sequence,group,detect_nfeatures,frame_step,budget,strategy,pairs,avg_selected_a,avg_selected_b,avg_matches,avg_good_matches,avg_good_match_ratio,avg_avg_match_distance,avg_fundamental_inliers,avg_fundamental_inlier_ratio,avg_compact_packet_bytes_per_frame,avg_jpeg_bytes_per_frame,avg_compact_packet_vs_jpeg_ratio
structured/IMG_5978,structured,2000,1,100,grid,120,100.0,100.0,55.333,53.025,0.955,27.539,42.4,0.759,4100.0,507545.129,0.008
structured/IMG_5978,structured,2000,1,100,random,360,100.0,100.0,36.308,24.944,0.689,54.363,11.711,0.326,4100.0,507545.129,0.008
structured/IMG_5978,structured,2000,1,100,top_response,120,100.0,100.0,63.9,62.775,0.98,24.043,52.425,0.813,4100.0,507545.129,0.008
structured/IMG_5978,structured,2000,1,250,grid,120,250.0,250.0,143.1,140.092,0.978,25.344,106.875,0.738,10250.0,507545.129,0.021
structured/IMG_5978,structured,2000,1,250,random,360,250.0,250.0,94.744,81.081,0.855,44.344,37.122,0.391,10250.0,507545.129,0.021
structured/IMG_5978,structured,2000,1,250,top_response,120,250.0,250.0,164.175,162.167,0.987,23.479,127.783,0.771,10250.0,507545.129,0.021
structured/IMG_5978,structured,2000,1,500,grid,120,500.0,500.0,295.717,292.325,0.988,24.2,217.65,0.728,20500.0,507545.129,0.042
structured/IMG_5978,structured,2000,1,500,random,360,500.0,500.0,209.519,195.922,0.934,36.268,107.461,0.511,20500.0,507545.129,0.042
structured/IMG_5978,structured,2000,1,500,top_response,120,500.0,500.0,330.942,327.867,0.99,22.851,251.375,0.753,20500.0,507545.129,0.042
structured/IMG_5978,structured,2000,1,1000,grid,120,998.85,998.85,620.717,616.533,0.993,23.277,451.917,0.721,40952.85,507545.129,0.084
structured/IMG_5978,structured,2000,1,1000,random,360,998.85,998.85,495.647,485.089,0.978,28.468,314.975,0.632,40952.85,507545.129,0.084
structured/IMG_5978,structured,2000,1,1000,top_response,120,998.85,998.85,660.8,656.642,0.994,22.534,491.958,0.737,40952.85,507545.129,0.084
structured/IMG_5979,structured,2000,1,100,grid,120,100.0,100.0,59.858,53.542,0.892,30.099,49.017,0.817,4100.0,977343.867,0.004
structured/IMG_5979,structured,2000,1,100,random,360,100.0,100.0,39.083,16.622,0.428,62.644,10.661,0.275,4100.0,977343.867,0.004
structured/IMG_5979,structured,2000,1,100,top_response,120,100.0,100.0,67.142,63.783,0.949,25.344,57.342,0.855,4100.0,977343.867,0.004
structured/IMG_5979,structured,2000,1,250,grid,120,250.0,250.0,154.933,144.958,0.934,27.386,125.542,0.809,10250.0,977343.867,0.011
structured/IMG_5979,structured,2000,1,250,random,360,250.0,250.0,98.031,66.95,0.684,50.719,35.614,0.364,10250.0,977343.867,0.011
structured/IMG_5979,structured,2000,1,250,top_response,120,250.0,250.0,174.442,169.508,0.971,23.739,145.625,0.835,10250.0,977343.867,0.011
structured/IMG_5979,structured,2000,1,500,grid,120,500.0,500.0,317.292,304.95,0.96,25.367,254.808,0.802,20500.0,977343.867,0.021
structured/IMG_5979,structured,2000,1,500,random,360,500.0,500.0,212.386,180.808,0.851,40.279,109.197,0.514,20500.0,977343.867,0.021
structured/IMG_5979,structured,2000,1,500,top_response,120,500.0,500.0,348.775,340.492,0.976,23.834,287.308,0.824,20500.0,977343.867,0.021
structured/IMG_5979,structured,2000,1,1000,grid,120,1000.0,1000.0,664.108,648.6,0.976,23.896,524.542,0.789,41000.0,977343.867,0.042
structured/IMG_5979,structured,2000,1,1000,random,360,1000.0,1000.0,501.753,475.886,0.948,30.147,327.233,0.652,41000.0,977343.867,0.042
structured/IMG_5979,structured,2000,1,1000,top_response,120,1000.0,1000.0,690.542,676.142,0.979,23.962,559.567,0.81,41000.0,977343.867,0.042
structured/IMG_5980,structured,2000,1,100,grid,91,100.0,100.0,59.725,56.231,0.94,28.316,47.945,0.801,4100.0,671377.352,0.006
structured/IMG_5980,structured,2000,1,100,random,273,100.0,100.0,41.33,17.044,0.424,64.12,10.451,0.256,4100.0,671377.352,0.006
structured/IMG_5980,structured,2000,1,100,top_response,91,100.0,100.0,62.901,59.495,0.947,25.917,53.407,0.847,4100.0,671377.352,0.006
structured/IMG_5980,structured,2000,1,250,grid,91,250.0,250.0,152.637,147.374,0.966,26.718,119.044,0.778,10250.0,671377.352,0.015
structured/IMG_5980,structured,2000,1,250,random,273,250.0,250.0,101.491,59.938,0.599,54.057,29.864,0.297,10250.0,671377.352,0.015
structured/IMG_5980,structured,2000,1,250,top_response,91,250.0,250.0,156.088,148.813,0.955,25.874,129.33,0.827,10250.0,671377.352,0.015
structured/IMG_5980,structured,2000,1,500,grid,91,500.0,500.0,305.495,296.604,0.972,26.396,235.615,0.768,20500.0,671377.352,0.031
structured/IMG_5980,structured,2000,1,500,random,273,500.0,500.0,213.582,158.414,0.743,45.241,92.114,0.431,20500.0,671377.352,0.031
structured/IMG_5980,structured,2000,1,500,top_response,91,500.0,500.0,313.176,299.956,0.959,26.406,253.549,0.807,20500.0,671377.352,0.031
structured/IMG_5980,structured,2000,1,1000,grid,91,1000.0,1000.0,617.077,599.418,0.972,26.386,472.319,0.762,41000.0,671377.352,0.062
structured/IMG_5980,structured,2000,1,1000,random,273,1000.0,1000.0,482.128,421.128,0.874,35.658,278.044,0.576,41000.0,671377.352,0.062
structured/IMG_5980,structured,2000,1,1000,top_response,91,1000.0,1000.0,622.978,602.088,0.968,26.701,489.484,0.784,41000.0,671377.352,0.062
structured/IMG_5982,structured,2000,1,100,grid,109,100.0,100.0,57.615,54.771,0.949,26.716,44.321,0.767,4100.0,463914.748,0.009
structured/IMG_5982,structured,2000,1,100,random,327,100.0,100.0,40.031,19.388,0.486,61.079,11.159,0.282,4100.0,463914.748,0.009
structured/IMG_5982,structured,2000,1,100,top_response,109,100.0,100.0,67.037,65.394,0.975,23.111,54.468,0.812,4100.0,463914.748,0.009
structured/IMG_5982,structured,2000,1,250,grid,109,250.0,250.0,151.376,147.716,0.975,24.562,111.972,0.738,10250.0,463914.748,0.024
structured/IMG_5982,structured,2000,1,250,random,327,250.0,250.0,101.26,72.563,0.716,50.159,32.336,0.321,10250.0,463914.748,0.024
structured/IMG_5982,structured,2000,1,250,top_response,109,250.0,250.0,168.477,165.826,0.984,23.466,129.385,0.767,10250.0,463914.748,0.024
structured/IMG_5982,structured,2000,1,500,grid,109,500.0,500.0,308.991,304.303,0.985,23.955,221.697,0.717,20500.0,463914.748,0.047
structured/IMG_5982,structured,2000,1,500,random,327,500.0,500.0,216.774,187.881,0.866,41.078,95.575,0.441,20500.0,463914.748,0.047
structured/IMG_5982,structured,2000,1,500,top_response,109,500.0,500.0,333.156,329.018,0.987,23.764,246.495,0.738,20500.0,463914.748,0.047
structured/IMG_5982,structured,2000,1,1000,grid,109,1000.0,1000.0,629.569,623.193,0.99,24.116,441.083,0.699,41000.0,463914.748,0.094
structured/IMG_5982,structured,2000,1,1000,random,327,1000.0,1000.0,495.263,473.15,0.955,32.244,283.018,0.571,41000.0,463914.748,0.094
structured/IMG_5982,structured,2000,1,1000,top_response,109,1000.0,1000.0,655.147,648.679,0.99,24.358,471.697,0.717,41000.0,463914.748,0.094
structured/IMG_5983,structured,2000,1,100,grid,159,100.0,100.0,53.56,51.711,0.964,24.267,37.692,0.696,4100.0,429227.509,0.01
structured/IMG_5983,structured,2000,1,100,random,477,100.0,100.0,39.398,25.574,0.652,53.666,11.247,0.287,4100.0,429227.509,0.01
structured/IMG_5983,structured,2000,1,100,top_response,159,100.0,100.0,63.409,62.352,0.98,22.113,48.201,0.754,4100.0,429227.509,0.01
structured/IMG_5983,structured,2000,1,250,grid,159,250.0,250.0,141.472,138.937,0.981,22.545,96.874,0.674,10250.0,429227.509,0.025
structured/IMG_5983,structured,2000,1,250,random,477,250.0,250.0,101.325,84.447,0.834,43.647,34.86,0.344,10250.0,429227.509,0.025
structured/IMG_5983,structured,2000,1,250,top_response,159,250.0,250.0,162.182,160.925,0.991,21.32,117.956,0.721,10250.0,429227.509,0.025
structured/IMG_5983,structured,2000,1,500,grid,159,500.0,500.0,294.302,291.025,0.988,21.894,201.434,0.675,20500.0,429227.509,0.05
structured/IMG_5983,structured,2000,1,500,random,477,500.0,500.0,217.075,200.985,0.926,35.751,98.925,0.453,20500.0,429227.509,0.05
structured/IMG_5983,structured,2000,1,500,top_response,159,500.0,500.0,323.786,321.409,0.992,21.541,229.579,0.701,20500.0,429227.509,0.05
structured/IMG_5983,structured,2000,1,1000,grid,159,1000.0,1000.0,611.075,606.899,0.993,21.635,411.409,0.664,41000.0,429227.509,0.1
structured/IMG_5983,structured,2000,1,1000,random,477,1000.0,1000.0,491.176,478.547,0.974,28.241,282.283,0.57,41000.0,429227.509,0.1
structured/IMG_5983,structured,2000,1,1000,top_response,159,1000.0,1000.0,639.975,636.013,0.993,21.979,438.937,0.676,41000.0,429227.509,0.1
unstructured_like/IMG_5975,unstructured_like,2000,1,100,grid,111,100.0,100.0,52.495,37.505,0.714,44.932,34.613,0.658,4100.0,1239909.815,0.003
unstructured_like/IMG_5975,unstructured_like,2000,1,100,random,333,100.0,100.0,42.453,7.498,0.179,72.052,8.964,0.213,4100.0,1239909.815,0.003
unstructured_like/IMG_5975,unstructured_like,2000,1,100,top_response,111,100.0,100.0,56.036,45.667,0.813,38.941,42.207,0.75,4100.0,1239909.815,0.003
unstructured_like/IMG_5975,unstructured_like,2000,1,250,grid,111,250.0,250.0,130.622,105.009,0.803,40.356,88.279,0.674,10250.0,1239909.815,0.008
unstructured_like/IMG_5975,unstructured_like,2000,1,250,random,333,250.0,250.0,103.009,39.117,0.381,62.792,20.97,0.204,10250.0,1239909.815,0.008
unstructured_like/IMG_5975,unstructured_like,2000,1,250,top_response,111,250.0,250.0,142.054,122.694,0.862,36.653,106.486,0.746,10250.0,1239909.815,0.008
unstructured_like/IMG_5975,unstructured_like,2000,1,500,grid,111,500.0,500.0,265.595,227.523,0.856,38.129,179.955,0.676,20500.0,1239909.815,0.017
unstructured_like/IMG_5975,unstructured_like,2000,1,500,random,333,500.0,500.0,210.553,125.862,0.599,53.866,71.571,0.34,20500.0,1239909.815,0.017
unstructured_like/IMG_5975,unstructured_like,2000,1,500,top_response,111,500.0,500.0,288.964,259.676,0.898,35.055,217.261,0.749,20500.0,1239909.815,0.017
unstructured_like/IMG_5975,unstructured_like,2000,1,1000,grid,111,1000.0,1000.0,547.676,498.405,0.91,35.863,371.18,0.676,41000.0,1239909.815,0.033
unstructured_like/IMG_5975,unstructured_like,2000,1,1000,random,333,1000.0,1000.0,460.7,376.093,0.817,43.177,238.718,0.517,41000.0,1239909.815,0.033
unstructured_like/IMG_5975,unstructured_like,2000,1,1000,top_response,111,1000.0,1000.0,576.568,536.468,0.93,33.739,426.982,0.738,41000.0,1239909.815,0.033
unstructured_like/IMG_5976,unstructured_like,2000,1,100,grid,107,100.0,100.0,51.626,36.822,0.709,45.015,34.093,0.656,4100.0,1167763.379,0.004
unstructured_like/IMG_5976,unstructured_like,2000,1,100,random,321,100.0,100.0,41.548,8.24,0.2,71.418,8.994,0.218,4100.0,1167763.379,0.004
unstructured_like/IMG_5976,unstructured_like,2000,1,100,top_response,107,100.0,100.0,55.916,45.822,0.811,39.192,42.103,0.745,4100.0,1167763.379,0.004
unstructured_like/IMG_5976,unstructured_like,2000,1,250,grid,107,250.0,250.0,129.888,104.159,0.797,40.416,87.364,0.667,10250.0,1167763.379,0.009
unstructured_like/IMG_5976,unstructured_like,2000,1,250,random,321,250.0,250.0,100.072,41.523,0.416,62.073,21.632,0.216,10250.0,1167763.379,0.009
unstructured_like/IMG_5976,unstructured_like,2000,1,250,top_response,107,250.0,250.0,139.804,118.533,0.841,38.15,102.626,0.725,10250.0,1167763.379,0.009
unstructured_like/IMG_5976,unstructured_like,2000,1,500,grid,107,500.0,500.0,260.336,224.561,0.858,37.975,174.467,0.664,20500.0,1167763.379,0.018
unstructured_like/IMG_5976,unstructured_like,2000,1,500,random,321,500.0,500.0,204.474,127.508,0.624,53.701,69.037,0.336,20500.0,1167763.379,0.018
unstructured_like/IMG_5976,unstructured_like,2000,1,500,top_response,107,500.0,500.0,278.364,242.794,0.866,37.495,199.299,0.707,20500.0,1167763.379,0.018
unstructured_like/IMG_5976,unstructured_like,2000,1,1000,grid,107,1000.0,1000.0,529.234,482.514,0.909,36.069,348.318,0.651,41000.0,1167763.379,0.035
unstructured_like/IMG_5976,unstructured_like,2000,1,1000,random,321,1000.0,1000.0,446.343,367.131,0.821,43.785,221.773,0.493,41000.0,1167763.379,0.035
unstructured_like/IMG_5976,unstructured_like,2000,1,1000,top_response,107,1000.0,1000.0,550.458,498.477,0.901,36.481,385.729,0.692,41000.0,1167763.379,0.035
unstructured_like/IMG_5981,unstructured_like,2000,1,100,grid,143,100.0,100.0,55.133,46.86,0.847,35.793,37.413,0.674,4100.0,865024.357,0.005
unstructured_like/IMG_5981,unstructured_like,2000,1,100,random,429,100.0,100.0,42.578,8.928,0.212,70.336,9.161,0.217,4100.0,865024.357,0.005
unstructured_like/IMG_5981,unstructured_like,2000,1,100,top_response,143,100.0,100.0,57.979,50.741,0.871,34.053,44.825,0.765,4100.0,865024.357,0.005
unstructured_like/IMG_5981,unstructured_like,2000,1,250,grid,143,250.0,250.0,142.441,128.392,0.9,32.854,95.853,0.667,10250.0,865024.357,0.012
unstructured_like/IMG_5981,unstructured_like,2000,1,250,random,429,250.0,250.0,104.298,45.259,0.436,60.608,25.203,0.242,10250.0,865024.357,0.012
unstructured_like/IMG_5981,unstructured_like,2000,1,250,top_response,143,250.0,250.0,150.329,137.874,0.914,31.992,113.51,0.746,10250.0,865024.357,0.012
unstructured_like/IMG_5981,unstructured_like,2000,1,500,grid,143,500.0,500.0,294.343,275.524,0.935,31.03,202.203,0.679,20500.0,865024.357,0.024
unstructured_like/IMG_5981,unstructured_like,2000,1,500,random,429,500.0,500.0,214.746,139.499,0.651,51.227,82.727,0.384,20500.0,865024.357,0.024
unstructured_like/IMG_5981,unstructured_like,2000,1,500,top_response,143,500.0,500.0,305.301,287.476,0.939,30.731,228.587,0.739,20500.0,865024.357,0.024
unstructured_like/IMG_5981,unstructured_like,2000,1,1000,grid,143,1000.0,1000.0,604.266,578.839,0.957,30.104,423.538,0.694,41000.0,865024.357,0.048
unstructured_like/IMG_5981,unstructured_like,2000,1,1000,random,429,1000.0,1000.0,477.483,409.855,0.859,39.677,270.166,0.564,41000.0,865024.357,0.048
unstructured_like/IMG_5981,unstructured_like,2000,1,1000,top_response,143,1000.0,1000.0,619.07,595.161,0.96,29.72,463.979,0.741,41000.0,865024.357,0.048
